{
  "total_files": 75,
  "matrix_shape": [
    75,
    75
  ],
  "statistics": {
    "mean": 0.484790259931302,
    "min": 0.2073200249598628,
    "max": 1.0000000000000016,
    "std": 0.11128768938861755
  }
}